user_000003	m	22	Canada	30-Oct-05
user_000008	m	23	Slovakia	28-Sep-06
user_000009	f	19	Canada	13-Jan-07
user_000010	m	19	Poland	4-May-06
user_000011	m	21	Finland	8-Sep-05
user_000012	f	28	Canada	30-Mar-05
user_000013	f	25	Romania	25-Sep-06
user_000017	m	22	Morocco	27-Aug-07
user_000019	f	29	Mexico	10-Nov-05
user_000020	f	27	United Kingdom	24-Jul-06
user_000021	m	27	United States	16-Mar-05
user_000022	m	38	Germany	14-May-06
user_000024	f	25	Canada	3-Oct-04
user_000026	m	22	Turkey	21-Dec-05
user_000027	m	24	Canada	25-Jul-05
user_000028	m	20	Germany	19-Nov-05
user_000032	m	23	Italy	28-Feb-05
user_000033	f	20	Poland	23-Dec-05
user_000034	f	35	Brazil	15-Sep-05
user_000035	m	22	Australia	7-Mar-05
user_000036	f	21	Mexico	19-Feb-07
user_000038	m	29	Russian Federation	6-Jul-06
user_000039	m	21	Germany	4-Jun-06
user_000040	f	21	United Kingdom	21-Apr-06
user_000041	m	30	Sweden	14-Jun-05
user_000042	f	24	Canada	29-Dec-05
user_000043	f	26	Canada	18-Mar-06
user_000044	f	21	Italy	27-Feb-07
user_000045	m	29	Chile	9-Jul-06
user_000046	m	24	Greece	23-Apr-07
user_000047	f	19	Croatia	26-Aug-06
user_000048	m	33	Italy	29-Dec-06
user_000050	f	24	Germany	10-Feb-06
user_000051	f	25	Brazil	10-Aug-06
user_000052	m	20	Russian Federation	16-Oct-06
user_000053	m	29	United Kingdom	30-Nov-05
user_000054	m	28	Brazil	30-Nov-04
user_000055	m	21	Serbia	6-Aug-06
user_000056	m	22	Canada	15-Jan-06
user_000057	m	17	Germany	27-Aug-06
user_000058	f	24	Poland	28-Feb-06
user_000059	f	24	Canada	9-Sep-05
user_000060	f	22	Canada	11-Oct-05
user_000063	f	22	Poland	25-Sep-05
user_000064	m	21	Finland	19-Dec-05
user_000065	m	35	Canada	23-Oct-05
user_000066	f	20	Canada	9-May-06
user_000067	m	36	United States	8-Mar-05
user_000069	m	23	Canada	13-Jul-05
user_000071	m	7	Netherlands	13-Dec-05
user_000072	f	25	Armenia	22-Nov-06
user_000073	m	34	Germany	31-May-07
user_000074	m	35	Turkey	9-Jun-05
user_000075	f	20	Romania	4-Jun-06
user_000076	m	38	United Kingdom	26-Nov-05
user_000078	f	27	Poland	10-Oct-05
user_000081	f	34	Canada	18-Jul-06
user_000082	f	20	Poland	29-Jan-06
user_000083	f	19	Bulgaria	24-May-07
user_000084	m	18	Venezuela	4-Dec-05
user_000085	f	18	Croatia	14-May-07
user_000087	f	18	Poland	5-Oct-06
user_000088	m	25	Turkey	13-Mar-05
user_000089	f	27	Canada	25-Dec-05
user_000090	m	20	Sweden	20-Aug-05
user_000091	f	27	Germany	18-Mar-07
user_000092	m	30	Turkey	10-Nov-05
user_000093	m	20	Germany	6-Dec-05
user_000094	m	22	Poland	2-Mar-07
user_000096	f	25	Finland	20-Feb-06
user_000099	f	22	Brazil	17-Jun-06
user_000100	m	21	Germany	4-Jun-07
user_000101	m	29	Germany	6-Oct-06
user_000103	m	34	Germany	12-Feb-06
user_000105	m	23	Turkey	24-Mar-06
user_000106	f	31	New Zealand	22-Nov-06
user_000107	m	15	Poland	1-Feb-06
user_000108	m	23	Latvia	23-Feb-06
user_000109	m	18	United States	22-Mar-06
user_000110	m	22	Poland	30-Apr-07
user_000111	f	22	Sweden	17-Feb-06
user_000112	f	30	Turkey	25-Mar-06
user_000113	f	22	Italy	19-Mar-06
user_000114	f	28	Turkey	28-Jan-07
user_000116	f	24	Spain	9-Dec-06
user_000117	m	21	Germany	27-Aug-05
user_000118	f	19	Canada	18-Apr-05
user_000119	f	21	Finland	23-Dec-05
user_000120	f	23	Canada	7-Mar-05
user_000122	f	22	Canada	23-Apr-06
user_000123	m	26	Canada	5-Feb-06
user_000124	m	36	Canada	24-Jul-05
user_000125	f	20	United States	12-Jun-05
user_000127	m	19	Estonia	3-Mar-06
user_000128	m	23	Canada	5-Feb-06
user_000130	f	21	Canada	15-Nov-06
user_000131	f	21	Canada Minor Outlying Islands	18-Feb-06
user_000132	m	28	Norway	20-Aug-05
user_000134	m	30	Chile	17-Oct-05
user_000137	m	19	Chile	1-Dec-06
user_000138	m	22	Canada	19-Dec-04
user_000140	m	33	Germany	25-Mar-03
user_000141	f	21	Trinidad and Tobago	19-Dec-05
user_000143	m	21	Mexico	23-Feb-06
user_000144	f	19	Norway	24-Jan-05
user_000148	f	25	Canada	2-May-06
user_000149	m	26	Canada	2-Feb-06
user_000150	f	24	United States	1-May-06
user_000151	m	23	Norway	25-Mar-06
user_000152	m	26	Finland	18-Oct-04
user_000156	m	23	Portugal	15-Feb-06
user_000157	m	19	Canada	27-Dec-05
user_000159	m	20	Germany	20-Jun-05
user_000160	m	19	Germany	23-Jun-06
user_000162	f	48	Switzerland	3-Jan-05
user_000163	m	24	Spain	4-Nov-06
user_000164	f	32	Canada	16-Jun-06
user_000165	f	28	Norway	9-Nov-05
user_000166	f	22	Greece	4-Sep-06
user_000167	m	28	Australia	5-Dec-05
user_000168	m	32	Germany	18-Apr-04
user_000169	m	17	United States	20-Jun-06
user_000170	f	29	United States	27-Apr-05
user_000172	m	32	Canada	19-May-06
user_000173	f	21	Italy	6-Mar-06
user_000175	f	28	Germany	7-Jun-06
user_000176	f	24	Nicaragua	18-Jun-06
user_000177	m	42	Brazil	25-May-07
user_000179	m	28	Germany	22-Feb-05
user_000180	m	20	Ireland	26-Oct-05
user_000181	f	19	Canada	3-Dec-05
user_000182	f	22	Belgium	12-Jul-05
user_000184	f	23	United States	3-Jun-06
user_000185	m	35	Germany	10-Mar-05
user_000187	m	18	Germany	2-May-06
user_000188	m	23	Finland	27-May-05
user_000189	m	22	Canada	10-Sep-04
user_000190	m	26	Italy	6-Feb-06
user_000193	m	30	Peru	27-Oct-05
user_000195	m	17	Poland	14-Jul-06
user_000196	m	22	Switzerland	27-Dec-04
user_000197	f	34	Sweden	18-Apr-06
user_000198	f	28	Poland	17-Jul-07
user_000199	m	22	Canada	13-Mar-06
user_000201	m	21	Australia	4-Oct-05
user_000202	m	29	Netherlands	17-Sep-06
user_000204	f	22	Turkey	20-May-07
user_000205	m	26	Mexico	7-Aug-06
user_000206	f	27	Turkey	25-Sep-05
user_000207	m	29	Portugal	29-May-06
user_000208	m	21	Switzerland	17-Jun-06
user_000209	f	27	Mexico	12-Oct-06
user_000210	m	42	Germany	12-Feb-04
user_000211	m	24	United States	11-Aug-04
user_000212	m	21	Romania	2-Oct-06
user_000213	f	55	Germany	26-May-05
user_000215	m	16	Australia	22-Feb-06
user_000217	m	23	Canada	2-Aug-04
user_000219	m	34	Canada	8-Nov-05
user_000221	m	21	Canada	19-Dec-06
user_000222	f	23	Trinidad and Tobago	10-Aug-05
user_000223	m	27	Sweden	31-Jan-06
user_000226	m	30	Serbia	11-Nov-05
user_000228	m	22	Brazil	26-Oct-05
user_000230	f	18	Australia	7-May-06
user_000233	m	25	Canada	20-Jul-05
user_000234	f	20	Canada	27-May-05
user_000236	f	23	Canada	12-Jul-05
user_000237	f	19	Germany	8-Apr-06
user_000238	f	22	Spain	8-May-06
user_000239	m	21	Czech Republic	2-Dec-05
user_000241	m	39	Germany	20-Mar-07
user_000242	m	23	Spain	7-Feb-06
user_000243	f	23	Russian Federation	17-Feb-07
user_000244	m	32	Canada	5-Jun-05
user_000246	m	22	Germany	2-Sep-07
user_000247	m	19	Finland	11-Aug-06
user_000248	m	26	Germany	4-Nov-03
user_000249	m	25	Canada	16-Dec-05
user_000250	m	21	United States	30-Jun-06
user_000251	f	24	Poland	1-May-06
user_000252	m	31	Argentina	25-Aug-04
user_000253	f	22	Canada	26-Feb-06
user_000254	f	20	Italy	4-Sep-06
user_000255	m	36	Canada	12-Dec-05
user_000256	m	23	United Kingdom	21-Jan-07
user_000257	f	18	Canada	26-May-07
user_000258	f	75	Canada	21-Jun-06
user_000259	f	21	Russian Federation	24-Jun-06
user_000260	m	31	Norway	15-Apr-05
user_000262	m	19	Canada	10-Dec-05
user_000263	f	29	Germany	14-Aug-06
user_000264	m	25	France	1-Jun-05
user_000265	f	21	Poland	4-Jul-07
user_000266	f	28	Germany	18-Aug-05
user_000267	m	30	British Indian Ocean Territory	11-Oct-05
user_000268	m	29	Germany	28-Mar-06
user_000269	f	28	Spain	17-Sep-05
user_000270	f	20	Canada	3-Jan-06
user_000271	m	21	Sweden	11-Dec-05
user_000273	f	19	Canada	23-Mar-05
user_000276	m	25	Hungary	2-Dec-05
user_000277	f	25	New Zealand	4-Dec-05
user_000278	f	20	Canada	30-Jul-05
user_000282	m	49	Sweden	16-Mar-06
user_000284	m	22	Turkey	21-Jun-06
user_000285	f	23	Canada	7-Dec-04
user_000289	f	20	Thailand	31-Jul-07
user_000291	m	30	France	9-Aug-06
user_000292	f	19	Netherlands	5-Jun-07
user_000294	f	22	Czech Republic	14-Jan-06
user_000295	f	21	Italy	13-Jun-07
user_000296	m	26	Poland	29-Jan-06
user_000297	f	21	Spain	1-Jun-07
user_000298	m	28	Argentina	26-Jan-05
user_000299	f	29	Canada	21-Jul-06
user_000300	f	18	Canada	27-Nov-05
user_000301	m	20	Netherlands	3-Jun-06
user_000303	f	22	Slovakia	18-Mar-06
user_000304	f	22	Germany	5-Feb-05
user_000305	m	21	Sweden	19-Apr-06
user_000306	m	25	Turkey	6-Jun-05
user_000308	f	21	Norway	3-Mar-06
user_000309	m	21	Canada	4-Nov-05
user_000310	m	22	Canada	13-Jun-05
user_000311	m	23	United States	18-Apr-05
user_000312	m	40	France	13-Apr-06
user_000313	m	33	Canada	30-Jul-05
user_000314	m	21	Canada	19-Dec-06
user_000316	m	20	Belgium	25-Jun-06
user_000317	m	34	Hungary	19-Jan-07
user_000318	m	26	Sweden	2-Jul-06
user_000319	f	21	Brazil	22-May-05
user_000320	m	27	France	10-Jan-07
user_000321	f	18	Poland	15-Aug-06
user_000322	m	38	Germany	1-Oct-06
user_000323	f	24	Canada	21-Aug-05
user_000324	m	28	United States	7-Jun-07
user_000325	f	21	Finland	26-Oct-05
user_000326	m	33	Turkey	8-Nov-05
user_000327	f	19	Germany	7-May-06
user_000328	m	3	Canada	24-Apr-06
user_000329	m	21	Belgium	16-Nov-06
user_000331	m	35	Germany	31-May-05
user_000332	m	36	Canada	23-Jan-07
user_000334	m	26	Germany	22-Feb-05
user_000336	f	18	Canada	12-Jun-06
user_000337	f	31	Canada	2-Aug-05
user_000338	f	28	Poland	16-Apr-05
user_000339	m	32	Norway	13-Jan-05
user_000340	m	22	Brazil	16-Apr-07
user_000344	m	25	Turkey	6-Dec-05
user_000346	f	17	Croatia	30-Apr-07
user_000348	m	24	Finland	4-Jan-05
user_000349	m	23	Brazil	1-Jul-05
user_000350	m	21	Poland	16-Dec-05
user_000351	m	24	Norway	7-Dec-06
user_000354	m	34	Germany	22-Dec-04
user_000355	m	29	Argentina	2-Jun-06
user_000356	m	27	Turkey	6-Jun-05
user_000359	m	31	Canada	21-Aug-05
user_000361	f	26	Poland	16-Jan-07
user_000364	f	29	Norway	16-Mar-06
user_000366	m	24	Finland	12-Dec-04
user_000533	m	27	Japan	5-Nov-09
user_000600	m	40	Taiwan	24-Jul-06
user_000601	m	33	Taiwan	16-Mar-05
user_000602	m	75	Taiwan	14-May-06
user_000603	m	65	Taiwan	3-Oct-04
user_000604	m	21	Taiwan	21-Dec-05
user_000605	m	10	Taiwan	21-Jul-06
user_000606	m	48	Taiwan	27-Nov-05
user_000607	f	63	Taiwan	3-Jun-06
user_000608	f	25	Taiwan	18-Mar-06
user_000609	f	38	Taiwan	5-Feb-05
user_000610	f	24	Taiwan	19-Apr-06
user_000611	f	28	Taiwan	6-Jun-05
user_000612	f	66	Taiwan	3-Mar-06
user_000613	f	37	Taiwan	4-Nov-05
user_000614	f	42	Taiwan	13-Jun-05
user_000615	m	40	Taiwan	26-Oct-05
user_000616	m	22	Taiwan	7-May-06
user_000617	m	24	Taiwan	20-Jul-05
user_000618	m	29	Taiwan	15-Nov-06
user_000619	f	28	Taiwan	18-Feb-06
user_000620	f	22	China	16-Nov-06
user_000621	m	14	China	31-May-05
user_000622	f	33	China	23-Jan-07
user_000623	m	18	China	22-Feb-05
user_000624	f	25	China	12-Jun-06
user_000625	m	27	China	2-Aug-05
user_000626	m	22	China	16-Apr-05
user_000627	m	24	China	13-Jan-05
user_000628	m	15	China	27-Oct-05
user_000629	m	18	China	14-Jul-06
user_000630	f	65	China	27-Dec-04
user_000631	f	33	China	18-Apr-06
user_000632	m	36	China	17-Jul-07
user_000633	m	34	China	13-Mar-06
user_000634	f	30	China	4-Oct-05
user_000635	f	44	China	17-Sep-06
user_000636	m	18	China	20-May-07
user_000637	f	19	China	7-Aug-06
user_000638	f	52	China	25-Sep-05
user_000639	f	37	China	29-May-06
user_000640	m	26	China	17-Jun-06
user_000641	f	24	China	17-Sep-05
user_000642	m	28	China	3-Jan-06
user_000643	f	27	China	11-Dec-05
user_000644	f	26	China	23-Mar-05
user_000645	m	22	China	2-Dec-05
user_000646	m	20	China	4-Dec-05
user_000647	m	10	China	30-Jul-05
user_000648	f	19	China	16-Mar-06
user_000649	f	30	China	21-Jun-06
user_000650	m	25	China	7-Dec-04
user_000651	f	40	China	31-Jul-07
user_000652	f	38	China	9-Aug-06
user_000653	f	36	China	31-Jul-07
